{"timestamps": [1492908762.32568], "initial_reset_timestamp": 1492908756.458447, "episode_types": ["t"], "episode_lengths": [200], "episode_rewards": [200.0]}